Товар,Ссылка
//allo.ua/ua/products/notebooks/mi-notebook-pro-15-i7-16g-512-mx250-w-jyu4147.html,Mi Notebook Pro 15 i7 16G 512 MX250 W (JYU4147CN)
//allo.ua/ua/products/notebooks/apple-a1466-macbook-air-mqd32ua-a.html,Apple A1466 MacBook Air (MQD32UA/A)
//allo.ua/ua/products/notebooks/apple-macbook-air-retina-2020-mwtj2-space-grey.html,Apple Macbook Air Retina 2020 (MWTJ2) Space Grey
//allo.ua/ua/products/notebooks/mi-air-13-i7-8-256gb-mx150-w-jyu4051-grey.html,Mi Air 13 i7/8/256Gb/MX150 W (JYU4051CN) Grey
//allo.ua/ua/products/notebooks/mi-notebook-15-lite-i3-4g-128-1-w-jyu4093cn-grey.html,Mi Notebook 15 Lite i3 4G 128 W (JYU4093CN) Grey
//allo.ua/ua/products/notebooks/apple-macbook-air-retina-2020-mwtl2-gold.html,Apple Macbook Air Retina 2020 (MWTL2) Gold
//allo.ua/ua/products/notebooks/dell-inspiron-3582-3582n54h1ihd_lbk.html,Dell Inspiron 3582 (3582N54H1IHD_LBK)
//allo.ua/ua/products/notebooks/mi-air-13-i7-8-256gb-mx150-w-jyu4059-silver.html,Mi Air 13 i7/8/256Gb/MX150 W (JYU4059CN) Silver
//allo.ua/ua/products/notebooks/mi-redmibook-14-i5-8g-256g-mx250-jyu4130cn.html,"Mi RedmiBook 14"" i5 8G 256G MX250 (JYU4130CN)"
//allo.ua/ua/products/notebooks/lenovo-ideapad-330-15-81dc018wra.html,Lenovo IdeaPad 330-15 (81DC018WRA)
//allo.ua/ua/products/notebooks/mi-air-13-i5-8-512-mx250-w-jyu4151-silver.html,Mi Air 13 i5/8/512/MX250 W (JYU4151CN) Silver
//allo.ua/ua/products/notebooks/mi-notebook-air-13-i5-8g-mx150-w-jyu4063gl-grey.html,"Mi Notebook Air 13"" i5 8G MX150 W (JYU4063GL) Grey"
//allo.ua/ua/products/notebooks/mi-notebook-pro-15-i5-8-256-mx250-jyu4119cn.html,Mi Notebook Pro 15 i5/8/256/MX250 (JYU4119CN)
//allo.ua/ua/products/notebooks/mi-lite-15-i5-8-512gb-mx110-w-jyu4139.html,Mi Lite 15 i5/8/512GB/MX110 W (JYU4139CN)
//allo.ua/ua/products/notebooks/mi-lite-15-i7-16-512gb-mx110-w-jyu4161.html,Mi Lite 15 i7/16/512Gb/MX110 W (JYU4161CN)
//allo.ua/ua/products/notebooks/mi-notebook-15-lite-i5-8g-128-1-mx110-w-jyu4083cn-grey.html,Mi Notebook 15 Lite i5 8G 128+1000 GB MX110 W (JYU4083CN) Grey
//allo.ua/ua/products/notebooks/apple-macbook-pro-13-a2289-2020-mxk32-space-grey.html,Apple Macbook Pro 13 A2289 2020 (MXK32) Space Grey
//allo.ua/ua/products/notebooks/apple-macbook-air-retina-2020-mwtk2-silver.html,Apple Macbook Air Retina 2020 (MWTK2) Silver
//allo.ua/ua/products/notebooks/lenovo-ideapad-s145-15ikb-81vd006ura.html,Lenovo IdeaPad S145-15IKB (81VD006URA)
//allo.ua/ua/products/notebooks/lenovo-legion-y540-15irh-81sx00egra.html,Lenovo Legion Y540-15IRH (81SX00EGRA)
//allo.ua/ua/products/notebooks/mi-redmibook-14-i5-8-256-w-jyu4134.html,Mi RedmiBook 14 i5/8/256 W (JYU4134CN)
//allo.ua/ua/products/notebooks/asus-vivobook-15-x512fl-bq367-90nb0m92-m04870.html,Asus VivoBook 15 X512FL-BQ367 (90NB0M92-M04870)
//allo.ua/ua/products/notebooks/hp-250-g7-6uk94ea.html,HP 250 G7 (6UK94EA)
//allo.ua/ua/products/notebooks/lenovo-ideapad-s145-15ikb-81vd006tra.html,Lenovo IdeaPad S145-15IKB (81VD006TRA)
//allo.ua/ua/products/notebooks/asus-x507uf-ej350-90nb0jb1-m04180.html,Asus X507UF-EJ350 (90NB0JB1-M04180)
//allo.ua/ua/products/notebooks/hp-15-dw0007ua-7pv41ea.html,HP 15-dw0007ua (7PV41EA)
//allo.ua/ua/products/notebooks/hp-250-g7-6ul17ea.html,HP 250 G7 (6UL17EA)
//allo.ua/ua/products/notebooks/lenovo-ideapad-s145-15iwl-81mv0153ra.html,Lenovo IdeaPad S145-15IWL (81MV0153RA)
